{
    "clutter_dist": [
        0,
        10
    ],
    "samples": [
        -0.9362788730715588,
        -2.1155059242709755,
        2.9289627963610463,
        -2.1308980470892305,
        2.9270701777421095,
        4.286126909804812,
        0.5226789656529757,
        0.47404839562834156,
        3.7679470101279895,
        -0.458389337715452,
        3.0710208803252117,
        2.40750520627584,
        0.47159920434353375,
        -6.152354574669482,
        -0.12589968516848077,
        2.767198991463306,
        0.37599860400286156,
        2.873409242465634,
        2.0527248932291005,
        1.7303538913539984,
        2.251034224960672,
        5.391032279288874,
        0.05217640426147253,
        2.821865203906862,
        2.6202983580265142,
        -1.7703110102787618,
        2.5253415817009888,
        0.9709370104742008,
        3.1921228700748547,
        3.46782278979337,
        3.828313931559846,
        1.0818523166399665,
        -1.974060823989781,
        2.9601569233993605,
        3.5265296812977533,
        3.164926356794478,
        2.9078175627581957,
        -3.811752988914505,
        4.210112493076969,
        2.3369308780615903,
        2.8080245943697864
    ],
    "target_dist": [
        3,
        1
    ]
}